# Redirects
/blog                               /                                     302
/m                                  https://fosstodon.org/@booligoosh      302
/youtube                            https://www.youtube.com/Booligoosh     301
/twitch                             https://www.twitch.tv/ethan_the_maker 301
/TWITCH                             https://www.twitch.tv/ethan_the_maker 301
/newsletter                         https://booligoosh.substack.com/subscribe 301
/spacex-arabsat-6a                  https://youtu.be/TXMGu2d8c8g?t=1185    302
/spacex-bubbles                     https://youtu.be/TXMGu2d8c8g?t=2749    302
/example                            https://example.com                     302
/carbon                             https://carbon-tab.netlify.com/       302
/co2                                https://carbon-tab.netlify.com/       302
/covid                              https://covid19nsw.netlify.com/      302

# Rewrites
/favicon.ico                        /img/icons/favicon.png                200
